"competitor","source_url","page_title","services_products","pricing_if_available","locations_or_coverage","page_keywords_observed","faqs_observed","cta_style","image_types","blog_topics_observed","notes"
"PixelSpot","https://pixelspot.in/led-sign-board","LED Sign Board Price — Digital Signage India | PixelSpot","Custom LED sign boards, shop sign boards, LED letter boards, glow signs, digital LED boards, neon-style LED, office name boards","LED acrylic glow sign ₹5,000-₹25,000; 3D LED letters ₹500-₹1,500 per letter; LED neon ₹3,000-₹15,000; scrolling display ₹8,000-₹30,000; LED video board ₹3,000-₹15,000/sq.ft.; metal letter + LED backlit ₹800-₹2,000 per letter","Pan India; claims 50+ cities served and installation in metro cities","LED sign board price, custom LED sign boards, shop sign boards, office name board, glow signs, LED display board, weatherproof LED","FAQ covers price, best board for shop, LED vs neon, lifespan, pan-India delivery","Consultation/lead-gen style; free design, starting price, trust metrics, FAQ-led conversion","Icon service blocks, custom signage examples, likely portfolio/product visuals","LED sign board price and buying guide","Strong generic SEO page. Signs & Arts can beat it on ready-made medical/pharmacy product specificity and transparent COD/dispatch."
"Sparsa Digital","https://sparsadigital.in/led-sign-board-for-shop-india/","LED Sign Board for Shop: Types, Designs & Where to Buy in India","Digital signage solutions, LED sign boards, acrylic LED letters, ACP glow signs, flex glow boards, neon-style boards, scrolling LED boards, logo light boards","Printed flex ₹2,000-₹8,000; basic glow sign ₹5,000-₹15,000; acrylic LED name board ₹8,000-₹35,000; ACP premium ₹15,000-₹60,000+; neon-style ₹5,000-₹25,000; scrolling display ₹7,000-₹50,000","Pan-India; claims 300+ cities with team presence on main site","LED sign board for shop, glow sign board, led name board, logo light board, display board, shop display board, LED sign board price India","FAQ covers average price, LED vs glow/neon, lifespan, customization, installation, waterproofing, city/vendor selection","Long-form educational CTA; broad buyer guide before service pitch","Blog hero image, design idea examples, informational tables","Types of LED boards, price by type/size, installation tips, mistakes to avoid, city/vendor guide","Very strong blog depth. Signs & Arts needs more niche pages: medical plus, pharmacy plus, dental clinic signage, clinic office boards."
"Adisans","https://adisans.com/product/adisans-green-led-pharmacy-cross-sign-wall-mount-bright-medical-store-display/","Green LED Pharmacy Cross Sign – Wall Mount | Bright Medical Store Display, Plus Sign","Green LED pharmacy cross sign, LED signage boards, wall mount medical store display, bulk/custom branding","Sale price ₹3,500; original ₹4,500 for 18x18 pharmacy cross sign","Location not clearly visible on product page; ecommerce shipping implied","18 inch LED sign, chemist shop signage, green LED cross, healthcare LED board, LED pharmacy display, medical cross board, wall mount sign","No product FAQ; reviews section present but no reviews","Ecommerce CTA: quantity selector + Add to cart; contact email for bulk/custom branding; blog link CTA","Multiple product photos of green LED pharmacy cross sign","Product-specific blog linked from product page","Direct product competitor. Signs & Arts can win with lower 18x18 price, video demos, COD advance, richer FAQs and review proof."
"Nevon Express","https://nevonexpress.in/product/2feet-led-medical-plus-sign-board-for-pharmacy-medical-shop/","2 x 2 Feet Medical Plus Sign Board Programmable For Medical Pharmacy Shop","Programmable P6 LED medical plus sign board for pharmacy/medical shop; WiFi programming; 24/7 open/home delivery/offer display","₹11,999 + shipping & taxes; MRP ₹17,500","Online store; delivery implied","2 feet LED medical plus sign board, P6 advertising digital display, medical pharmacy store plus sign, programmable display","No clear FAQ in extracted page; product specs act as buyer info","Ecommerce CTA: quantity selector + Add to cart","Product images and demo delivery images","Programmable LED display/product spec content","Higher-price programmable segment. Signs & Arts can create comparison content: fixed pixel LED plus board vs programmable P6 medical board."
"TradeIndia - M.S. Graphics & Flex","https://www.tradeindia.com/products/innercut-led-medical-sign-board-9937489.html","Innercut Led Medical Sign Board","Innercut LED medical sign boards for hospitals, clinics, diagnostic centers and pharmacies","₹650 per square foot; minimum pack 8 sq.ft.; fixed price; 0% GST shown","Raipur, Chhattisgarh seller; main domestic market All India","innercut LED medical sign board, hospitals, clinics, diagnostic centers, pharmacies, LED illuminated sign board","No traditional FAQ; product specs, compare table and related products answer buyer questions","Marketplace CTA: Get Latest Price, Buy Now, Send Inquiry","Marketplace product image, related product thumbnails","Marketplace category comparison pages","Competes on per-sq-ft custom pricing. Signs & Arts can target ready-made fixed-price buyers who want instant checkout, COD and 24-hour dispatch."
"ExportersIndia - Indian Roar LLP","https://www.exportersindia.com/product-detail/led-medical-plus-sign-board-6548219.htm","LED Medical Plus Sign Board, Size : 18 Inch X 18 Inch","LED medical plus sign board 18x18, wall mounted, metal/aluminum body, acrylic letters","₹1,500 per unit","Juhu, Mumbai, Maharashtra; preferred buyer location India only","LED medical plus sign board, 18 inch x 18 inch, wall mounted, acrylic sheet, outdoor, promotion","No traditional FAQ; quick info and product details only","Marketplace CTA: Call Now, Get Latest Price, Send Enquiry","Product images, thumbnails, no_img fallback icon","None on product page","Lower-price listing but weaker trust/content. Signs & Arts can target price comparison and explain build differences/warranty/COD."
"Big Hand Media","https://bighandmedia.in/medical-shop-acrylic-led-sign-board/","Medical Shop Acrylic LED Sign Board","Medical shop acrylic LED sign board and custom signage","₹550 per sq.ft. shown in search result","Location not extracted; India service implied by domain/page","medical shop acrylic LED sign board, acrylic LED sign, medical shop sign board","Not available from fetched page due timeout","Lead-gen CTA likely: get latest price/contact","Acrylic LED sign board images likely","Medical shop acrylic LED sign board product page","Use carefully; page timed out during fetch. Still shows custom acrylic pricing segment that Signs & Arts can compare against ready-made plus LED boards."
"TradeIndia - VN Advertising","https://www.tradeindia.com/products/dental-3d-acrylic-led-sign-board-c7482090.html","Dental 3D Acrylic Led Sign Board","Dental 3D acrylic LED sign board, customized ACP panels, 3D/acrylic LED boards, hotel and neon sign boards","Related listing shows 3D Acrylic LED Sign Board ₹25,000; many acrylic LED sign related listings ₹120-₹800/sq.ft.","Kalyan, Maharashtra seller; domestic inquiries; related sellers across Mumbai, Pune, Navi Mumbai, Vasai","dental 3D acrylic LED sign board, acrylic LED sign board, 3D LED sign board, custom LED sign board","No traditional FAQ; marketplace compare table and related products","Marketplace CTA: Send Inquiry, Contact Seller, View Number","Marketplace product images and related thumbnails","None on product page","Custom dental signage competitor. Signs & Arts should add dental custom-board lead form and examples, while keeping ready dental board product page."
"BRS SIIGNS","https://brssiigns.co.in/led-sign-board-for-hospital-india-2026/","Led Sign Board For Hospital India 2026 - Premium Signage Services by BRS SIIGNS","Hospital LED sign boards, outdoor hospital signage, logo/building-photo-based design, pharmacy zone/emergency entrance signage","No exact price extracted; page positioned as 2026 price guide","Trichy, Tamil Nadu and India","LED sign board for hospital India 2026, hospital signage, outdoor hospital LED board, pharmacy zones, emergency entrances","Search result shows FAQ-style questions about outdoor use and designing from logo/building photo","Service CTA likely quote/design consultation","Hospital signage examples likely","Hospital LED sign board India 2026 price guide","Good blog-topic competitor. Signs & Arts can target hospital/clinic sign boards with ready plus boards plus custom hospital directional signage."
"Adisans LED Signage Category","https://adisans.com/product-category/led-display-solutions/led-signage-boards/","LED Signage Boards Archives - Adisans","Category page for LED signage boards including pharmacy cross sign, open/close board, bar display board, custom P10/P6 display boards","Pricing varies by product; pharmacy cross ₹3,500 from product page; other category pricing not fully extracted","Online product category; location not clearly extracted","LED signage boards, LED BAR sign display board, open close LED display, custom size P10, Wi-Fi control, waterproof signage","No category FAQ extracted","Ecommerce category CTA through product cards and Add to cart on product pages","Grid of product photos/category thumbnails","Product/category pages, product-specific blog links","Category breadth competitor. Signs & Arts can expand product taxonomy: open/close, bar display, clinic open boards, custom P10 boards."
