"priority","content_gap","why_it_matters","target_keywords","recommended_page_or_asset","competitor_signal","suggested_cta"
"High","Price comparison pages for fixed ready-made LED boards vs custom sq.ft. boards","Competitors publish broad price ranges but customers need clarity on why ready-made 18x18/24x24 boards are cheaper/faster than custom acrylic boards.","medical plus led board price, pharmacy led board price, led sign board price India, medical sign board price","/blog/medical-plus-led-board-price-india.html and price table section on homepage","PixelSpot/Sparsa publish price lists; TradeIndia/ExportersIndia show per-unit or per-sq-ft prices","Compare prices, then show 'Order ready stock with COD advance'"
"High","Product-specific FAQ sections for every product page","Competitors answer price/lifespan/waterproof questions; product FAQs improve SEO and reduce WhatsApp doubts.","is medical plus LED board waterproof, pharmacy plus sign 18 inch, dental sign board with light warranty","Add FAQ schema and visible FAQs to all product pages","PixelSpot/Sparsa have strong FAQ blocks; Adisans has product details but weak FAQ","Ask fewer questions, add to cart or WhatsApp size photo"
"High","Ready stock / 24-hour dispatch content","Most competitors are custom/lead-gen. Signs & Arts can own urgent buyer intent with ready-made stock and fast dispatch.","ready made led sign board, medical plus board ready stock, pharmacy sign board 24 hour dispatch","Homepage trust section + blog post on ready-made vs custom LED signs","Marketplace sellers use inquiry CTAs; Nevon/Adisans use ecommerce but do not emphasize 24-hour dispatch strongly","Order today, dispatch in 24 hours"
"High","COD advance explainer page","COD is a conversion advantage but can confuse buyers. Explain ₹200 advance, remaining on delivery, and Shiprocket tracking.","cod led sign board, cash on delivery sign board, pharmacy led board cod","/blog/cod-led-sign-board-online-india.html and checkout FAQ link","Competitors mostly show Add to cart/Get Quote, not COD education","Pay ₹200 advance, rest on delivery"
"High","Medical/pharmacy board comparison: 18x18 vs 24x24","Customers search sizes and competitors mention dimensions. A size guide can rank and reduce wrong purchases.","18 inch medical plus led board, 24 inch pharmacy plus sign, medical plus board size","/blog/medical-plus-led-board-size-guide.html","Sparsa has general size guide; Nevon has 2x2 product; Adisans has 18x18 product","Send shop photo, we suggest size"
"Medium","Hospital/clinic signage content cluster","Competitor BRS targets hospital LED sign board India. Signs & Arts can target clinic/hospital directional signage and office sign boards for clinic.","hospital led sign board, office sign boards for clinic, clinic sign board with light","/blog/hospital-clinic-led-sign-board-guide.html + custom inquiry section","BRS blog targets hospital sign board price guide","Get custom hospital/clinic quote"
"Medium","Dental custom signage page","Dental competitors are custom acrylic/3D. Signs & Arts has ready dental board but should capture custom clinic-name intent.","dental clinic signage, dental clinic sign board, led signage board display for dental clinic customised","/custom-dental-clinic-led-sign-board/ or blog + custom CTA","TradeIndia dental 3D acrylic custom listings","Send clinic name/logo for quote"
"Medium","Open/Close and shop status LED product category","Adisans has open/close LED boards. This is adjacent low-ticket inventory and can bring shop-owner traffic.","open close led board, shop open close led sign, clinic open close board","Create product/category page when product available","Adisans category/product targets open close board","Order plug-and-play open/close board"
"Medium","Image proof gallery: installed boards, packaging, dispatch, night visibility","Competitors use product images but often lack real proof. Real installed photos and dispatch proof builds trust.","pharmacy led board installed, medical shop led board night view, waterproof led sign board","Homepage proof section + product page gallery labels","Adisans has product photos; marketplaces have limited proof","See real customer installations"
"Medium","Regional language medical sign content","Searches can include local-language variants. Signs & Arts can add Hindi/vernacular medical plus product content.","medical board Hindi, medical plus sign Hindi, chemist shop sign board Hindi","Hindi medical board product page/blog if product exists","Signs & Arts already had/has Hindi-related product traces in crawl; competitors are mostly English","Order Hindi medical LED board"
"Low","Technical spec glossary","Buyers see IP65, P6/P10, acrylic, ACP, pixel LED. Explain simply to win research-stage traffic.","P6 LED medical plus sign, pixel LED sign board, IP65 sign board, acrylic LED sign board","/blog/led-sign-board-technical-terms.html","Nevon emphasizes P6/IP65/specs; TradeIndia lists materials/voltage","Understand specs before buying"
"Low","City landing pages after operations stabilize","Competitors mention Delhi, Mumbai, Bengaluru, Hyderabad, etc. Local pages can capture city intent if delivery/support details are real.","medical led sign board Hyderabad, pharmacy led board Mumbai, led sign board Bangalore","City pages only if you can support local SEO claims honestly","Sparsa and PixelSpot mention multi-city coverage","Pan India delivery to your city"
