id,title,description,link,image_link,additional_image_link,additional_image_link,additional_image_link,availability,price,brand,condition,mpn,google_product_category,product_type,item_group_id,size
"sa-12v-5a-60w-led-adapter","12V 5A 60W LED Adapter","Buy a Hilight 12V 5A 60W indoor power adapter for LED strips, LED modules, neon signs and CCTV, with a 2.1 x 5.5 mm centre-positive DC connector.","https://signsandarts.in/12v-5a-60w-led-adapter","https://signsandarts.in/12v-5a-60w-led-adapter/image-1.webp","https://signsandarts.in/12v-5a-60w-led-adapter/image-2.webp","https://signsandarts.in/12v-5a-60w-led-adapter/image-3.webp","https://signsandarts.in/12v-5a-60w-led-adapter/image-4.webp","in_stock","371.00 INR","Signs and Arts","new","sa-12v-5a-60w-led-adapter","Electronics > Electronics Accessories > Power","Accessories","",""
"sa-bar-led-sign-board","Bar LED Sign Board 18x12 Single Sided Indoor","Buy Bar LED Sign Board 18x12 inch with multicolor LED bar mugs graphic. Single sided indoor board, plug and play, ideal for bars, restaurants, pubs and hotels.","https://signsandarts.in/bar-led-sign-board","https://signsandarts.in/bar-led-sign-board/main.webp","https://signsandarts.in/bar-led-sign-board/lifestyle.webp","https://signsandarts.in/bar-led-sign-board/size.webp","https://signsandarts.in/bar-led-sign-board/features.webp","in_stock","2189.00 INR","Signs and Arts","new","sa-bar-led-sign-board","Business & Industrial > Signage > Electric Signs > Lighted Signs","LED Sign Boards","","18x12 inch"
"sa-clinic-led-sign-board-18x18","Clinic Sign Board - Clinic Plus LED Sign Board 18x18 inch","Buy Clinic Plus LED Sign Board 18x18 inch in red and white. Clinic LED sign board / clinic sign board for clinic entrances, doctor offices, hospitals and medical storefronts. Double-sided pixel LED cross sign with weatherproof iron frame, hook mounting and 230V plug-and-play power.","https://signsandarts.in/clinic-led-sign-board","https://signsandarts.in/clinic-led-sign-board/main.webp","https://signsandarts.in/clinic-led-sign-board/size.webp","https://signsandarts.in/clinic-led-sign-board/features.webp","https://signsandarts.in/clinic-led-sign-board/lit.webp","in_stock","2689.00 INR","Signs and Arts","new","sa-clinic-led-sign-board-18x18","Business & Industrial > Signage > Electric Signs > Lighted Signs","LED Sign Boards","sa-clinic-led-sign-board","18x18 inch"
"sa-clinic-led-sign-board-24x24","Clinic Sign Board - Clinic Plus LED Sign Board 24x24 inch","Buy Clinic Plus LED Sign Board 24x24 inch in red and white. Larger clinic LED sign board / clinic sign board for better road visibility at clinics, hospitals and doctor offices. Pixel LED lighting, weatherproof iron frame, hook mounting and 230V plug-and-play installation.","https://signsandarts.in/clinic-led-sign-board","https://signsandarts.in/clinic-led-sign-board/main-24.webp","https://signsandarts.in/clinic-led-sign-board/perspective-24.webp","https://signsandarts.in/clinic-led-sign-board/front-24.webp","https://signsandarts.in/clinic-led-sign-board/features-24.webp","in_stock","5489.00 INR","Signs and Arts","new","sa-clinic-led-sign-board-24x24","Business & Industrial > Signage > Electric Signs > Lighted Signs","LED Sign Boards","sa-clinic-led-sign-board","24x24 inch"
"sa-neuro-plus-led-sign-board-18x18","Neuro Plus LED Sign Board 18x18 inch","Buy Neuro Plus LED Sign Board 18x18 inch with red plus-style body, white NEURO lettering, bright pixel LEDs, iron frame, weatherproof build and plug-and-play installation for neurology clinics.","https://signsandarts.in/neuro-plus-led-sign-board","https://signsandarts.in/neuro-plus-led-sign-board/main.webp","https://signsandarts.in/neuro-plus-led-sign-board/size.webp","https://signsandarts.in/neuro-plus-led-sign-board/features.webp","https://signsandarts.in/neuro-plus-led-sign-board/front.webp","in_stock","2689.00 INR","Signs and Arts","new","sa-neuro-plus-led-sign-board-18x18","Business & Industrial > Signage > Electric Signs > Lighted Signs","LED Sign Boards","sa-neuro-plus-led-sign-board","18x18 inch"
"sa-neuro-plus-led-sign-board-24x24","Neuro Plus LED Sign Board 24x24 inch","Buy Neuro Plus LED Sign Board 24x24 inch with the same red and white NEURO plus design in a larger size for better road visibility. Pixel LEDs, iron frame, weatherproof build and plug-and-play installation.","https://signsandarts.in/neuro-plus-led-sign-board","https://signsandarts.in/neuro-plus-led-sign-board/main.webp","https://signsandarts.in/neuro-plus-led-sign-board/features.webp","https://signsandarts.in/neuro-plus-led-sign-board/front.webp","https://signsandarts.in/neuro-plus-led-sign-board/overview.webp","in_stock","5489.00 INR","Signs and Arts","new","sa-neuro-plus-led-sign-board-24x24","Business & Industrial > Signage > Electric Signs > Lighted Signs","LED Sign Boards","sa-neuro-plus-led-sign-board","24x24 inch"
"sa-clinic-medical-led-sign-board","Clinic Medical LED Sign Board","Buy Clinic Medical LED Sign Board 24x18 inch in green and red. Use for clinics, medical shops, drug stores and hospital entrances. Double-sided flashing pixel LED display with CLINIC and MEDICAL text, waterproof storefront-ready frame, wall mounting and plug-and-play power.","https://signsandarts.in/clinic-medical-led-sign-board","https://signsandarts.in/clinic-medical-led-sign-board/main.webp","https://signsandarts.in/clinic-medical-led-sign-board/size.webp","https://signsandarts.in/clinic-medical-led-sign-board/features.webp","https://signsandarts.in/clinic-medical-led-sign-board/hook.webp","in_stock","6819.00 INR","Signs and Arts","new","sa-clinic-medical-led-sign-board","Business & Industrial > Signage > Electric Signs > Lighted Signs","LED Sign Boards","","24x18 inch"
"sa-computer-repair-led-sign-board","Computer Repair LED Sign Board 18x12 Single Sided Indoor","Buy Computer Repair LED Sign Board 18x12 inch for computer repair shops, laptop service centers and electronics counters. Single sided indoor board, plug and play.","https://signsandarts.in/computer-repair-led-sign-board","https://signsandarts.in/computer-repair-led-sign-board/main.webp","https://signsandarts.in/computer-repair-led-sign-board/led-on-off.webp","https://signsandarts.in/computer-repair-led-sign-board/features.webp","https://signsandarts.in/computer-repair-led-sign-board/size.webp","in_stock","2189.00 INR","Signs and Arts","new","sa-computer-repair-led-sign-board","Business & Industrial > Signage > Electric Signs > Lighted Signs","LED Sign Boards","","18x12 inch"
"sa-dental-led-sign-board","Dental LED Sign Board","Buy Dental LED Sign Board 24x18 inch with red tooth graphic and white DENTAL lettering. Double sided pixel LED board, waterproof and plug and play.","https://signsandarts.in/dental-led-sign-board","https://signsandarts.in/dental-led-sign-board/main.webp","https://signsandarts.in/dental-led-sign-board/size.webp","https://signsandarts.in/dental-led-sign-board/features.webp","https://signsandarts.in/dental-led-sign-board/lit.webp","in_stock","5128.00 INR","Signs and Arts","new","sa-dental-led-sign-board","Business & Industrial > Signage > Electric Signs > Lighted Signs","LED Sign Boards","","24x18 inch"
"sa-dental-plus-led-sign-board-18x18","Dental Plus LED Sign Board 18x18 inch","Buy Dental Plus LED Sign Board 18x18 inch with red plus-style body, white DENTAL lettering, bright pixel LEDs, iron frame, weatherproof build and plug-and-play installation for dental clinics.","https://signsandarts.in/dental-plus-led-sign-board","https://signsandarts.in/dental-plus-led-sign-board/main.webp","https://signsandarts.in/dental-plus-led-sign-board/size.webp","https://signsandarts.in/dental-plus-led-sign-board/features.webp","https://signsandarts.in/dental-plus-led-sign-board/front.webp","in_stock","2689.00 INR","Signs and Arts","new","sa-dental-plus-led-sign-board-18x18","Business & Industrial > Signage > Electric Signs > Lighted Signs","LED Sign Boards","sa-dental-plus-led-sign-board","18x18 inch"
"sa-dental-plus-led-sign-board-24x24","Dental Plus LED Sign Board 24x24 inch","Buy Dental Plus LED Sign Board 24x24 inch with the same red and white dental plus design in a larger size for better road visibility. Pixel LEDs, iron frame, weatherproof build and plug-and-play installation.","https://signsandarts.in/dental-plus-led-sign-board","https://signsandarts.in/dental-plus-led-sign-board/main.webp","https://signsandarts.in/dental-plus-led-sign-board/features.webp","https://signsandarts.in/dental-plus-led-sign-board/front.webp","https://signsandarts.in/dental-plus-led-sign-board/overview.webp","in_stock","5489.00 INR","Signs and Arts","new","sa-dental-plus-led-sign-board-24x24","Business & Industrial > Signage > Electric Signs > Lighted Signs","LED Sign Boards","sa-dental-plus-led-sign-board","24x24 inch"
"sa-green-clinic-led-sign-board-18x18","Clinic LED Sign Board - Green Cross LED Board 18x18 inch","Buy Clinic LED Sign Board 18x18 inch in green. Green cross LED board / clinic sign board for clinic entrances, hospitals, doctor offices and roadside medical signage. Double-sided pixel LEDs, weatherproof iron frame, hook mounting, 230V plug-and-play power and pan-India delivery.","https://signsandarts.in/green-clinic-led-sign-board","https://signsandarts.in/green-clinic-led-sign-board/main.webp","https://signsandarts.in/green-clinic-led-sign-board/size.webp","https://signsandarts.in/green-clinic-led-sign-board/features.webp","https://signsandarts.in/green-clinic-led-sign-board/perspective.webp","in_stock","2689.00 INR","Signs and Arts","new","sa-green-clinic-led-sign-board-18x18","Business & Industrial > Signage > Electric Signs > Lighted Signs","LED Sign Boards","sa-green-clinic-led-sign-board","18x18 inch"
"sa-green-clinic-led-sign-board-24x24","Clinic LED Sign Board - Green Cross LED Board 24x24 inch","Buy Clinic LED Sign Board 24x24 inch in green. Larger green cross LED board / clinic sign board for better visibility outside clinics, hospitals and doctor offices. Weatherproof iron frame, hook mounting, 230V plug-and-play power, COD and pan-India delivery.","https://signsandarts.in/green-clinic-led-sign-board","https://signsandarts.in/green-clinic-led-sign-board/main.webp","https://signsandarts.in/green-clinic-led-sign-board/size.webp","https://signsandarts.in/green-clinic-led-sign-board/features.webp","https://signsandarts.in/green-clinic-led-sign-board/perspective.webp","in_stock","5489.00 INR","Signs and Arts","new","sa-green-clinic-led-sign-board-24x24","Business & Industrial > Signage > Electric Signs > Lighted Signs","LED Sign Boards","sa-green-clinic-led-sign-board","24x24 inch"
"sa-hair-salon-led-sign-board","Hair Salon LED Sign Board 18x12 Single Sided Indoor","Buy Hair Salon LED Sign Board 18x12 inch with white scissors graphic and red HAIR SALON lettering. Single sided indoor board for salons and grooming studios.","https://signsandarts.in/hair-salon-led-sign-board","https://signsandarts.in/hair-salon-led-sign-board/main.webp","https://signsandarts.in/hair-salon-led-sign-board/led-on-off.webp","https://signsandarts.in/hair-salon-led-sign-board/features.webp","https://signsandarts.in/hair-salon-led-sign-board/size.webp","in_stock","2189.00 INR","Signs and Arts","new","sa-hair-salon-led-sign-board","Business & Industrial > Signage > Electric Signs > Lighted Signs","LED Sign Boards","","18x12 inch"
"sa-led-dimmer-controller","Inline LED Dimmer Controller for Single Color LED Strips","Buy Signs and Arts mini inline LED dimmer controller for single-color 12V-24V DC LED strips. Mode, speed and brightness buttons with auto memory.","https://signsandarts.in/led-dimmer-controller","https://signsandarts.in/led-dimmer-controller/main.webp","https://signsandarts.in/led-dimmer-controller/feed-clean.webp","https://signsandarts.in/led-dimmer-controller/feed-detail.webp","","in_stock","90.00 INR","Signs and Arts","new","sa-led-dimmer-controller","Electronics > Electronics Accessories > Power","Accessories","",""
"sa-led-strip-remote-controller","LED Strip Remote Controller","Buy Signs and Arts mini RF remote controller for single-color 12V DC LED strip lights. Brightness, mode and speed controls, compatible with common LED strips.","https://signsandarts.in/led-strip-remote-controller","https://signsandarts.in/led-strip-remote-controller/main.webp","https://signsandarts.in/led-strip-remote-controller/controller.webp","https://signsandarts.in/led-strip-remote-controller/overview.webp","https://signsandarts.in/led-strip-remote-controller/installation.webp","in_stock","339.00 INR","Signs and Arts","new","sa-led-strip-remote-controller","Electronics > Electronics Accessories > Power","Accessories","",""
"sa-love-neon-led-sign","Love Neon LED Sign","Buy Love Neon LED Sign in pink. Acrylic neon light for room decor, table decoration, gifts, night light, bar and hotel use. USB and battery powered.","https://signsandarts.in/love-neon-led-sign","https://signsandarts.in/love-neon-led-sign/main.webp","https://signsandarts.in/love-neon-led-sign/size.webp","https://signsandarts.in/love-neon-led-sign/features.webp","https://signsandarts.in/love-neon-led-sign/lifestyle1.webp","in_stock","400.00 INR","Signs and Arts","new","sa-love-neon-led-sign","Business & Industrial > Signage > Electric Signs > Lighted Signs","LED Sign Boards","",""
"sa-medical-pharmacy-led-sign-board-18x18","Medical & Pharmacy LED Sign Board - Green Cross Plus 18x18 inch","Buy Medical & Pharmacy LED Sign Board 18x18 inch in green. Medical LED sign board / pharmacy LED sign board for medical stores, pharmacies, drug stores and clinic counters. Green cross LED board and medical cross light board style with flashing pixel LEDs, weatherproof iron frame and plug-and-play power.","https://signsandarts.in/medical-pharmacy-led-sign-board","https://signsandarts.in/medical-pharmacy-led-sign-board/main.webp","https://signsandarts.in/medical-pharmacy-led-sign-board/size.webp","https://signsandarts.in/medical-pharmacy-led-sign-board/features.webp","https://signsandarts.in/medical-pharmacy-led-sign-board/led.webp","in_stock","2789.00 INR","Signs and Arts","new","sa-medical-pharmacy-led-sign-board-18x18","Business & Industrial > Signage > Electric Signs > Lighted Signs","LED Sign Boards","sa-medical-pharmacy-led-sign-board","18x18 inch"
"sa-medical-pharmacy-led-sign-board-24x24","Medical & Pharmacy LED Sign Board - Green Cross Plus 24x24 inch","Buy Medical & Pharmacy LED Sign Board 24x24 inch in green. Larger medical shop LED board and pharmacy sign board for medical shops, pharmacies, drug stores and roadside storefronts. Green cross LED board / medical cross light board style with flashing pixel LEDs, weatherproof iron frame and plug-and-play power.","https://signsandarts.in/medical-pharmacy-led-sign-board","https://signsandarts.in/medical-pharmacy-led-sign-board/main-24.webp","https://signsandarts.in/medical-pharmacy-led-sign-board/perspective-24.webp","https://signsandarts.in/medical-pharmacy-led-sign-board/front-24.webp","https://signsandarts.in/medical-pharmacy-led-sign-board/features-24.webp","in_stock","5489.00 INR","Signs and Arts","new","sa-medical-pharmacy-led-sign-board-24x24","Business & Industrial > Signage > Electric Signs > Lighted Signs","LED Sign Boards","sa-medical-pharmacy-led-sign-board","24x24 inch"
"sa-medical-plus-led-sign-board-18x18","Medical Plus LED Sign Board - Medical Cross Light Board 18x18 inch","Buy Medical Plus LED Sign Board 18x18 inch in green for medical stores and pharmacies. Medical cross LED board / medical cross light board with plus symbol, medical shop LED board use, double-sided 9mm pixel LEDs, weatherproof iron frame, hook mounting and plug-and-play installation.","https://signsandarts.in/medical-plus-led-sign-board","https://signsandarts.in/medical-plus-led-sign-board/main.webp","https://signsandarts.in/medical-plus-led-sign-board/size.webp","https://signsandarts.in/medical-plus-led-sign-board/features.webp","https://signsandarts.in/medical-plus-led-sign-board/led.webp","in_stock","2689.00 INR","Signs and Arts","new","sa-medical-plus-led-sign-board-18x18","Business & Industrial > Signage > Electric Signs > Lighted Signs","LED Sign Boards","sa-medical-plus-led-sign-board","18x18 inch"
"sa-medical-plus-led-sign-board-24x24","Medical Plus LED Sign Board - Medical Cross Light Board 24x24 inch","Buy Medical Plus LED Sign Board 24x24 inch in green. Larger medical cross LED board / medical cross light board for high visibility outside medical shops, pharmacies and clinics. Fits medical shop LED board, plus sign medical store light and LED sign board for pharmacy needs.","https://signsandarts.in/medical-plus-led-sign-board","https://signsandarts.in/medical-plus-led-sign-board/main-24.webp","https://signsandarts.in/medical-plus-led-sign-board/perspective-24.webp","https://signsandarts.in/medical-plus-led-sign-board/front-24.webp","https://signsandarts.in/medical-plus-led-sign-board/features-24.webp","in_stock","5489.00 INR","Signs and Arts","new","sa-medical-plus-led-sign-board-24x24","Business & Industrial > Signage > Electric Signs > Lighted Signs","LED Sign Boards","sa-medical-plus-led-sign-board","24x24 inch"
"sa-medical-red-led-sign-board-18x18","Medical LED Sign Board - Medical Shop LED Board 18x18 inch","Buy Medical LED Sign Board 18x18 inch in red and green for medical shops, pharmacies, clinics and drug stores. Medical shop LED board with bright red MEDICAL letters, green pixel LED cross, double-sided display, weatherproof frame, hook mounting and plug-and-play power.","https://signsandarts.in/medical-red-led-sign-board","https://signsandarts.in/medical-red-led-sign-board/main.webp","https://signsandarts.in/medical-red-led-sign-board/size.webp","https://signsandarts.in/medical-red-led-sign-board/features.webp","https://signsandarts.in/medical-red-led-sign-board/lit.webp","in_stock","2689.00 INR","Signs and Arts","new","sa-medical-red-led-sign-board-18x18","Business & Industrial > Signage > Electric Signs > Lighted Signs","LED Sign Boards","sa-medical-red-led-sign-board","18x18 inch"
"sa-medical-red-led-sign-board-24x24","Medical LED Sign Board - Medical Shop LED Board 24x24 inch","Buy Medical LED Sign Board 24x24 inch in red and green. Larger medical sign board LED / medical shop LED board for road visibility at pharmacies, clinics and drug stores. Bright red MEDICAL letters, green pixel LED cross, weatherproof frame, hook mounting and plug-and-play power.","https://signsandarts.in/medical-red-led-sign-board","https://signsandarts.in/medical-red-led-sign-board/main.webp","https://signsandarts.in/medical-red-led-sign-board/size.webp","https://signsandarts.in/medical-red-led-sign-board/features.webp","https://signsandarts.in/medical-red-led-sign-board/lit.webp","in_stock","5489.00 INR","Signs and Arts","new","sa-medical-red-led-sign-board-24x24","Business & Industrial > Signage > Electric Signs > Lighted Signs","LED Sign Boards","sa-medical-red-led-sign-board","24x24 inch"
"sa-open-24-hours-led-sign-board","Open 24 Hours LED Sign Board 18x12 Single Sided Indoor","Buy Open 24 Hours LED Sign Board 18x12 inch with green OPEN text, red 24 HOURS lettering and white LED border. Single sided indoor board for shops and restaurants.","https://signsandarts.in/open-24-hours-led-sign-board","https://signsandarts.in/open-24-hours-led-sign-board/main.webp","https://signsandarts.in/open-24-hours-led-sign-board/led-on-off.webp","https://signsandarts.in/open-24-hours-led-sign-board/features.webp","https://signsandarts.in/open-24-hours-led-sign-board/lifestyle.webp","in_stock","2189.00 INR","Signs and Arts","new","sa-open-24-hours-led-sign-board","Business & Industrial > Signage > Electric Signs > Lighted Signs","LED Sign Boards","","18x12 inch"
"sa-open-close-led-open-single","Open LED Sign Board 18x12 Single Sided Indoor","Buy Open LED Sign Board 18x12 inch for shops and retail stores. Bright green OPEN text with white border LEDs, plug and play, single sided indoor board.","https://signsandarts.in/open-close-led-sign-board","https://signsandarts.in/open-close-led-sign-board/open-main.webp","https://signsandarts.in/open-close-led-sign-board/open-on-off.webp","https://signsandarts.in/open-close-led-sign-board/open-features.webp","https://signsandarts.in/open-close-led-sign-board/open-lifestyle.webp","in_stock","2189.00 INR","Signs and Arts","new","sa-open-close-led-open-single","Business & Industrial > Signage > Electric Signs > Lighted Signs","LED Sign Boards","sa-open-close-led-sign-board","18x12 inch"
"sa-open-close-led-close-single","Close LED Sign Board 18x12 Single Sided Indoor","Buy Close LED Sign Board 18x12 inch for shops and retail stores. Bright red CLOSE text with white border LEDs, plug and play, single sided indoor board.","https://signsandarts.in/open-close-led-sign-board","https://signsandarts.in/open-close-led-sign-board/close-main.webp","https://signsandarts.in/open-close-led-sign-board/close-on-off.webp","https://signsandarts.in/open-close-led-sign-board/close-features.webp","https://signsandarts.in/open-close-led-sign-board/close-lifestyle.webp","in_stock","2189.00 INR","Signs and Arts","new","sa-open-close-led-close-single","Business & Industrial > Signage > Electric Signs > Lighted Signs","LED Sign Boards","sa-open-close-led-sign-board","18x12 inch"
"sa-open-close-led-combo","Open Close LED Sign Board Combo 18x12 Single Sided Indoor","Buy Open Close LED Sign Board combo for shops and retail stores. Includes Open and Close boards, plug and play, single sided indoor boards.","https://signsandarts.in/open-close-led-sign-board","https://signsandarts.in/open-close-led-sign-board/open-main.webp","https://signsandarts.in/open-close-led-sign-board/close-main.webp","https://signsandarts.in/open-close-led-sign-board/open-features.webp","https://signsandarts.in/open-close-led-sign-board/close-features.webp","in_stock","3981.00 INR","Signs and Arts","new","sa-open-close-led-combo","Business & Industrial > Signage > Electric Signs > Lighted Signs","LED Sign Boards","sa-open-close-led-sign-board","18x12 inch"
"sa-opticals-led-sign-board","Opticals LED Sign Board","Buy Opticals LED Sign Board 24x18 inch with red and white pixel LED OPTICALS lettering. Double sided, waterproof and plug and play for optical shops.","https://signsandarts.in/opticals-led-sign-board","https://signsandarts.in/opticals-led-sign-board/main.webp","https://signsandarts.in/opticals-led-sign-board/size.webp","https://signsandarts.in/opticals-led-sign-board/features.webp","https://signsandarts.in/opticals-led-sign-board/front.webp","in_stock","6330.00 INR","Signs and Arts","new","sa-opticals-led-sign-board","Business & Industrial > Signage > Electric Signs > Lighted Signs","LED Sign Boards","","24x18 inch"
"sa-optical-plus-led-sign-board-18x18","Optical Plus LED Sign Board 18x18 inch","Buy Optical Plus LED Sign Board 18x18 inch with red plus-style body, white OPTICAL lettering, bright pixel LEDs, iron frame, weatherproof build and plug-and-play installation for optical shops.","https://signsandarts.in/optical-plus-led-sign-board","https://signsandarts.in/optical-plus-led-sign-board/main.webp","https://signsandarts.in/optical-plus-led-sign-board/size.webp","https://signsandarts.in/optical-plus-led-sign-board/features.webp","https://signsandarts.in/optical-plus-led-sign-board/front.webp","in_stock","2689.00 INR","Signs and Arts","new","sa-optical-plus-led-sign-board-18x18","Business & Industrial > Signage > Electric Signs > Lighted Signs","LED Sign Boards","sa-optical-plus-led-sign-board","18x18 inch"
"sa-optical-plus-led-sign-board-24x24","Optical Plus LED Sign Board 24x24 inch","Buy Optical Plus LED Sign Board 24x24 inch with the same red and white optical plus design in a larger size for better road visibility. Pixel LEDs, iron frame, weatherproof build and plug-and-play installation.","https://signsandarts.in/optical-plus-led-sign-board","https://signsandarts.in/optical-plus-led-sign-board/main.webp","https://signsandarts.in/optical-plus-led-sign-board/features.webp","https://signsandarts.in/optical-plus-led-sign-board/front.webp","https://signsandarts.in/optical-plus-led-sign-board/overview.webp","in_stock","5489.00 INR","Signs and Arts","new","sa-optical-plus-led-sign-board-24x24","Business & Industrial > Signage > Electric Signs > Lighted Signs","LED Sign Boards","sa-optical-plus-led-sign-board","24x24 inch"
"sa-pan-shop-led-sign-board","PAN Shop LED Sign Board","Buy 18x12 inch double-sided PAN shop LED sign board with bright red and white pixel LEDs, directional arrows and wall-mountable outdoor-focused construction.","https://signsandarts.in/pan-shop-led-sign-board","https://signsandarts.in/pan-shop-led-sign-board/image-1.webp","https://signsandarts.in/pan-shop-led-sign-board/image-2.webp","https://signsandarts.in/pan-shop-led-sign-board/image-3.webp","https://signsandarts.in/pan-shop-led-sign-board/image-4.webp","in_stock","2475.00 INR","Signs and Arts","new","sa-pan-shop-led-sign-board","Business & Industrial > Signage > Electric Signs > Lighted Signs","LED Sign Boards","","18x12 inch"
"sa-pharmacy-plus-led-sign-18x18","Pharmacy LED Sign Board - Green Plus 18x18 inch","Buy Pharmacy Plus LED Sign Board 18x18 inch in green. Pharmacy LED sign board, pharmacy sign board and LED sign board for pharmacy with green cross LED board styling for medical stores, pharmacies and clinics.","https://signsandarts.in/pharmacy-plus-led-sign","https://signsandarts.in/pharmacy-plus-led-sign/main.webp","https://signsandarts.in/pharmacy-plus-led-sign/size.webp","https://signsandarts.in/pharmacy-plus-led-sign/features.webp","https://signsandarts.in/pharmacy-plus-led-sign/front.webp","in_stock","2689.00 INR","Signs and Arts","new","sa-pharmacy-plus-led-sign-18x18","Business & Industrial > Signage > Electric Signs > Lighted Signs","LED Sign Boards","sa-pharmacy-plus-led-sign","18x18 inch"
"sa-pharmacy-plus-led-sign-24x24","Pharmacy LED Sign Board - Green Plus 24x24 inch","Buy Pharmacy Plus LED Sign Board 24x24 inch in green. Larger pharmacy LED sign board / pharmacy sign board and green cross LED board for medical stores, pharmacies and clinics.","https://signsandarts.in/pharmacy-plus-led-sign","https://signsandarts.in/pharmacy-plus-led-sign/main-24.webp","https://signsandarts.in/pharmacy-plus-led-sign/perspective-24.webp","https://signsandarts.in/pharmacy-plus-led-sign/front-24.webp","https://signsandarts.in/pharmacy-plus-led-sign/features-24.webp","in_stock","5489.00 INR","Signs and Arts","new","sa-pharmacy-plus-led-sign-24x24","Business & Industrial > Signage > Electric Signs > Lighted Signs","LED Sign Boards","sa-pharmacy-plus-led-sign","24x24 inch"
"sa-rgb-pixel-led-controller","RGB Pixel LED Controller with 17-Key RF Remote","Buy Signs and Arts RGB addressable pixel LED controller with 17-key RF wireless remote for WS2811 and WS2812B pixel LED strips. DC 5-24V.","https://signsandarts.in/rgb-pixel-led-controller","https://signsandarts.in/rgb-pixel-led-controller/main.webp","https://signsandarts.in/rgb-pixel-led-controller/img1.webp","https://signsandarts.in/rgb-pixel-led-controller/feed-clean.webp","https://signsandarts.in/rgb-pixel-led-controller/feed-detail.webp","in_stock","250.00 INR","Signs and Arts","new","sa-rgb-pixel-led-controller","Electronics > Electronics Accessories > Power","Accessories","",""
"sa-spa-open-led-sign-board","Spa Open LED Sign Board 18x12 Single Sided Indoor","Buy Spa Open LED Sign Board 18x12 inch with blue SPA text, green OPEN lettering and white oval border LEDs. Single sided indoor board for spas and salons.","https://signsandarts.in/spa-open-led-sign-board","https://signsandarts.in/spa-open-led-sign-board/main.webp","https://signsandarts.in/spa-open-led-sign-board/led-on-off.webp","https://signsandarts.in/spa-open-led-sign-board/features.webp","https://signsandarts.in/spa-open-led-sign-board/size.webp","in_stock","2189.00 INR","Signs and Arts","new","sa-spa-open-led-sign-board","Business & Industrial > Signage > Electric Signs > Lighted Signs","LED Sign Boards","","18x12 inch"
"sa-tattoo-led-sign-board","Tattoo LED Sign Board 18x12 Single Sided Indoor","Buy Tattoo LED Sign Board 18x12 inch with bold red TATTOO text and white oval border LEDs. Single sided indoor board for tattoo studios and parlours.","https://signsandarts.in/tattoo-led-sign-board","https://signsandarts.in/tattoo-led-sign-board/main.webp","https://signsandarts.in/tattoo-led-sign-board/led-on-off.webp","https://signsandarts.in/tattoo-led-sign-board/features.webp","https://signsandarts.in/tattoo-led-sign-board/lifestyle.webp","in_stock","2189.00 INR","Signs and Arts","new","sa-tattoo-led-sign-board","Business & Industrial > Signage > Electric Signs > Lighted Signs","LED Sign Boards","","18x12 inch"
"sa-xerox-store-led-sign-board","Xerox Store LED Sign Board","Buy Xerox Store LED Sign Board 18x12 inch with white and red lighting for xerox shops, print centers and copy shops. Plug and play storefront board.","https://signsandarts.in/xerox-store-led-sign-board","https://signsandarts.in/xerox-store-led-sign-board/main.webp","https://signsandarts.in/xerox-store-led-sign-board/size.webp","https://signsandarts.in/xerox-store-led-sign-board/features.webp","https://signsandarts.in/xerox-store-led-sign-board/perspective.webp","in_stock","2178.00 INR","Signs and Arts","new","sa-xerox-store-led-sign-board","Business & Industrial > Signage > Electric Signs > Lighted Signs","LED Sign Boards","","18x12 inch"
"sa-ent-led-sign-board-18x18","ENT LED Sign Board 18x18 inch","Buy ENT LED Sign Board in red and white for ENT clinics, doctor offices and specialty consultation rooms. Double-sided pixel LED board with iron frame, weatherproof build and plug-and-play installation. 18x18 inch size, COD and pan-India delivery.","https://signsandarts.in/ent-led-sign-board/","https://signsandarts.in/ent-led-sign-board/main.webp","https://signsandarts.in/ent-led-sign-board/size.webp","https://signsandarts.in/ent-led-sign-board/features.webp","https://signsandarts.in/ent-led-sign-board/overview.webp","in_stock","2889.00 INR","Signs and Arts","new","sa-ent-led-sign-board-18x18","Business & Industrial > Signage > Electric Signs > Lighted Signs","LED Sign Boards","sa-ent-led-sign-board","18x18 inch"
"sa-ent-led-sign-board-24x24","ENT LED Sign Board 24x24 inch","Buy ENT LED Sign Board in red and white for ENT clinics, doctor offices and specialty consultation rooms. Double-sided pixel LED board with iron frame, weatherproof build and plug-and-play installation. 24x24 inch size for stronger roadside visibility, COD and pan-India delivery.","https://signsandarts.in/ent-led-sign-board/","https://signsandarts.in/ent-led-sign-board/main.webp","https://signsandarts.in/ent-led-sign-board/features.webp","https://signsandarts.in/ent-led-sign-board/overview.webp","","in_stock","5489.00 INR","Signs and Arts","new","sa-ent-led-sign-board-24x24","Business & Industrial > Signage > Electric Signs > Lighted Signs","LED Sign Boards","sa-ent-led-sign-board","24x24 inch"
"sa-doctor-led-sign-board-18x18","Doctor LED Sign Board 18x18 inch","Buy Doctor LED Sign Board in red and white for doctor clinics, consultation rooms, family clinics and medical offices. Double-sided pixel LED board with iron frame, weatherproof build and plug-and-play installation. 18x18 inch size, COD and pan-India delivery.","https://signsandarts.in/doctor-led-sign-board/","https://signsandarts.in/doctor-led-sign-board/main.webp","https://signsandarts.in/doctor-led-sign-board/size.webp","https://signsandarts.in/doctor-led-sign-board/features.webp","https://signsandarts.in/doctor-led-sign-board/overview.webp","in_stock","2889.00 INR","Signs and Arts","new","sa-doctor-led-sign-board-18x18","Business & Industrial > Signage > Electric Signs > Lighted Signs","LED Sign Boards","sa-doctor-led-sign-board","18x18 inch"
"sa-doctor-led-sign-board-24x24","Doctor LED Sign Board 24x24 inch","Buy Doctor LED Sign Board in red and white for doctor clinics, consultation rooms, family clinics and medical offices. Double-sided pixel LED board with iron frame, weatherproof build and plug-and-play installation. 24x24 inch size for stronger roadside visibility, COD and pan-India delivery.","https://signsandarts.in/doctor-led-sign-board/","https://signsandarts.in/doctor-led-sign-board/main.webp","https://signsandarts.in/doctor-led-sign-board/features.webp","https://signsandarts.in/doctor-led-sign-board/overview.webp","https://signsandarts.in/doctor-led-sign-board/front.webp","in_stock","5489.00 INR","Signs and Arts","new","sa-doctor-led-sign-board-24x24","Business & Industrial > Signage > Electric Signs > Lighted Signs","LED Sign Boards","sa-doctor-led-sign-board","24x24 inch"
"sa-orthopedic-led-sign-board-18x18","Orthopedic LED Sign Board 18x18 inch","Buy Orthopedic LED Sign Board in red and white for orthopedic clinics, bone specialists, hospitals and doctor offices. Double-sided pixel LED board with iron frame, weatherproof build and plug-and-play installation. 18x18 inch size, COD and pan-India delivery.","https://signsandarts.in/orthopedic-led-sign-board/","https://signsandarts.in/orthopedic-led-sign-board/main.webp","https://signsandarts.in/orthopedic-led-sign-board/size.webp","https://signsandarts.in/orthopedic-led-sign-board/features.webp","https://signsandarts.in/orthopedic-led-sign-board/overview.webp","in_stock","2889.00 INR","Signs and Arts","new","sa-orthopedic-led-sign-board-18x18","Business & Industrial > Signage > Electric Signs > Lighted Signs","LED Sign Boards","sa-orthopedic-led-sign-board","18x18 inch"
"sa-orthopedic-led-sign-board-24x24","Orthopedic LED Sign Board 24x24 inch","Buy Orthopedic LED Sign Board in red and white for orthopedic clinics, bone specialists, hospitals and doctor offices. Double-sided pixel LED board with iron frame, weatherproof build and plug-and-play installation. 24x24 inch size for stronger roadside visibility, COD and pan-India delivery.","https://signsandarts.in/orthopedic-led-sign-board/","https://signsandarts.in/orthopedic-led-sign-board/main.webp","https://signsandarts.in/orthopedic-led-sign-board/features.webp","https://signsandarts.in/orthopedic-led-sign-board/overview.webp","https://signsandarts.in/orthopedic-led-sign-board/front.webp","in_stock","5489.00 INR","Signs and Arts","new","sa-orthopedic-led-sign-board-24x24","Business & Industrial > Signage > Electric Signs > Lighted Signs","LED Sign Boards","sa-orthopedic-led-sign-board","24x24 inch"
"sa-emergency-led-sign-board-18x18","Emergency LED Sign Board 18x18 inch","Buy Emergency LED Sign Board in red and white for hospitals, emergency entrances, clinics and 24-hour medical facilities. Double-sided pixel LED board with iron frame, weatherproof build and plug-and-play installation. 18x18 inch size, COD and pan-India delivery.","https://signsandarts.in/emergency-led-sign-board/","https://signsandarts.in/emergency-led-sign-board/main.webp","https://signsandarts.in/emergency-led-sign-board/size.webp","https://signsandarts.in/emergency-led-sign-board/features.webp","https://signsandarts.in/emergency-led-sign-board/overview.webp","in_stock","2889.00 INR","Signs and Arts","new","sa-emergency-led-sign-board-18x18","Business & Industrial > Signage > Electric Signs > Lighted Signs","LED Sign Boards","sa-emergency-led-sign-board","18x18 inch"
"sa-emergency-led-sign-board-24x24","Emergency LED Sign Board 24x24 inch","Buy Emergency LED Sign Board in red and white for hospitals, emergency entrances, clinics and 24-hour medical facilities. Double-sided pixel LED board with iron frame, weatherproof build and plug-and-play installation. 24x24 inch size for stronger roadside visibility, COD and pan-India delivery.","https://signsandarts.in/emergency-led-sign-board/","https://signsandarts.in/emergency-led-sign-board/main.webp","https://signsandarts.in/emergency-led-sign-board/features.webp","https://signsandarts.in/emergency-led-sign-board/overview.webp","https://signsandarts.in/emergency-led-sign-board/front.webp","in_stock","5489.00 INR","Signs and Arts","new","sa-emergency-led-sign-board-24x24","Business & Industrial > Signage > Electric Signs > Lighted Signs","LED Sign Boards","sa-emergency-led-sign-board","24x24 inch"
"sa-hospital-led-sign-board-18x18","Hospital LED Sign Board 18x18 inch","Buy Hospital LED Sign Board in red and white for hospitals, clinics, nursing homes and medical entrances. Double-sided pixel LED board with iron frame, weatherproof build and plug-and-play installation. 18x18 inch size, COD and pan-India delivery.","https://signsandarts.in/hospital-led-sign-board/","https://signsandarts.in/hospital-led-sign-board/main.webp","https://signsandarts.in/hospital-led-sign-board/size.webp","https://signsandarts.in/hospital-led-sign-board/features.webp","https://signsandarts.in/hospital-led-sign-board/overview.webp","in_stock","2889.00 INR","Signs and Arts","new","sa-hospital-led-sign-board-18x18","Business & Industrial > Signage > Electric Signs > Lighted Signs","LED Sign Boards","sa-hospital-led-sign-board","18x18 inch"
"sa-hospital-led-sign-board-24x24","Hospital LED Sign Board 24x24 inch","Buy Hospital LED Sign Board in red and white for hospitals, clinics, nursing homes and medical entrances. Double-sided pixel LED board with iron frame, weatherproof build and plug-and-play installation. 24x24 inch size for stronger roadside visibility, COD and pan-India delivery.","https://signsandarts.in/hospital-led-sign-board/","https://signsandarts.in/hospital-led-sign-board/main.webp","https://signsandarts.in/hospital-led-sign-board/features.webp","https://signsandarts.in/hospital-led-sign-board/overview.webp","https://signsandarts.in/hospital-led-sign-board/front.webp","in_stock","5489.00 INR","Signs and Arts","new","sa-hospital-led-sign-board-24x24","Business & Industrial > Signage > Electric Signs > Lighted Signs","LED Sign Boards","sa-hospital-led-sign-board","24x24 inch"
"sa-homeo-led-sign-board-18x18","Homeo LED Sign Board 18x18 inch","Buy Homeo LED Sign Board in red and white for homeopathy clinics, homeo doctors and alternative medicine clinics. Double-sided pixel LED board with iron frame, weatherproof build and plug-and-play installation. 18x18 inch size, COD and pan-India delivery.","https://signsandarts.in/homeo-led-sign-board/","https://signsandarts.in/homeo-led-sign-board/main.webp","https://signsandarts.in/homeo-led-sign-board/size.webp","https://signsandarts.in/homeo-led-sign-board/features.webp","https://signsandarts.in/homeo-led-sign-board/overview.webp","in_stock","2889.00 INR","Signs and Arts","new","sa-homeo-led-sign-board-18x18","Business & Industrial > Signage > Electric Signs > Lighted Signs","LED Sign Boards","sa-homeo-led-sign-board","18x18 inch"
"sa-homeo-led-sign-board-24x24","Homeo LED Sign Board 24x24 inch","Buy Homeo LED Sign Board in red and white for homeopathy clinics, homeo doctors and alternative medicine clinics. Double-sided pixel LED board with iron frame, weatherproof build and plug-and-play installation. 24x24 inch size for stronger roadside visibility, COD and pan-India delivery.","https://signsandarts.in/homeo-led-sign-board/","https://signsandarts.in/homeo-led-sign-board/main.webp","https://signsandarts.in/homeo-led-sign-board/features.webp","https://signsandarts.in/homeo-led-sign-board/overview.webp","https://signsandarts.in/homeo-led-sign-board/front.webp","in_stock","5489.00 INR","Signs and Arts","new","sa-homeo-led-sign-board-24x24","Business & Industrial > Signage > Electric Signs > Lighted Signs","LED Sign Boards","sa-homeo-led-sign-board","24x24 inch"
"sa-blue-3-inch-9mm-12v-pixel-3921","Blue 3 Inch 9mm 12V Pixel 3921 LED","Buy Blue 3 Inch 9mm 12V Pixel 12V pixel LED string with 50 LEDs, 3 Inch spacing, 3.81 Metre length, 9 mm pixels and 12 Watts power for sign boards and decorative lighting.","https://signsandarts.in/pixel-led/blue-3-inch-9mm-12v-pixel-3921/","https://signsandarts.in/pixel-led/images/blue-3-inch-9mm-12v-pixel-3921.webp","https://signsandarts.in/pixel-led/images/feed/blue-3-inch-9mm-12v-pixel-3921-clean.webp","https://signsandarts.in/pixel-led/images/feed/blue-3-inch-9mm-12v-pixel-3921-detail.webp","","in_stock","165.00 INR","Signs and Arts","new","sa-blue-3-inch-9mm-12v-pixel-3921","Business & Industrial > Signage > Electric Signs > Lighted Signs","Pixel LEDs","","3 Inch"
"sa-green-3-inch-9mm-12v-pixel-3919","Green 3 Inch 9mm 12V Pixel 3919 LED","Buy Green 3 Inch 9mm 12V Pixel 12V pixel LED string with 50 LEDs, 3 Inch spacing, 3.81 Metre length, 9 mm pixels and 12 Watts power for sign boards and decorative lighting.","https://signsandarts.in/pixel-led/green-3-inch-9mm-12v-pixel-3919/","https://signsandarts.in/pixel-led/images/green-3-inch-9mm-12v-pixel-3919.webp","https://signsandarts.in/pixel-led/images/feed/green-3-inch-9mm-12v-pixel-3919-clean.webp","https://signsandarts.in/pixel-led/images/feed/green-3-inch-9mm-12v-pixel-3919-detail.webp","","in_stock","165.00 INR","Signs and Arts","new","sa-green-3-inch-9mm-12v-pixel-3919","Business & Industrial > Signage > Electric Signs > Lighted Signs","Pixel LEDs","","3 Inch"
"sa-red-3-inch-9mm-12v-pixel-3903","Red 3 Inch 9mm 12V Pixel 3903 LED","Buy Red 3 Inch 9mm 12V Pixel 12V pixel LED string with 50 LEDs, 3 Inch spacing, 3.81 Metre length, 9 mm pixels and 12 Watts power for sign boards and decorative lighting.","https://signsandarts.in/pixel-led/red-3-inch-9mm-12v-pixel-3903/","https://signsandarts.in/pixel-led/images/red-3-inch-9mm-12v-pixel-3903.webp","https://signsandarts.in/pixel-led/images/feed/red-3-inch-9mm-12v-pixel-3903-clean.webp","https://signsandarts.in/pixel-led/images/feed/red-3-inch-9mm-12v-pixel-3903-detail.webp","","in_stock","165.00 INR","Signs and Arts","new","sa-red-3-inch-9mm-12v-pixel-3903","Business & Industrial > Signage > Electric Signs > Lighted Signs","Pixel LEDs","","3 Inch"
"sa-warm-white-smd-3-9mm-12v-pixel-impex-3925","Warm White SMD 3 9mm 12V Pixel IMPEX+ 3925 LED","Buy Warm White SMD 3"" 9mm 12V Pixel - IMPEX+ 12V pixel LED string with 50 LEDs, 3 Inch spacing, 3.81 Metre length, 9 mm pixels and 12 Watts power for sign boards and decorative lighting.","https://signsandarts.in/pixel-led/warm-white-smd-3-9mm-12v-pixel-impex-3925/","https://signsandarts.in/pixel-led/images/warm-white-smd-3-9mm-12v-pixel-impex-3925.webp","https://signsandarts.in/pixel-led/images/feed/warm-white-smd-3-9mm-12v-pixel-impex-3925-clean.webp","https://signsandarts.in/pixel-led/images/feed/warm-white-smd-3-9mm-12v-pixel-impex-3925-detail.webp","","in_stock","165.00 INR","Signs and Arts","new","sa-warm-white-smd-3-9mm-12v-pixel-impex-3925","Business & Industrial > Signage > Electric Signs > Lighted Signs","Pixel LEDs","","3 Inch"
"sa-warm-white-smd-3-9mm-12v-pixel-xpl-6613","Warm White SMD 3 9mm 12V Pixel XPL 6613 LED","Buy Warm White SMD 3"" 9mm 12V Pixel - XPL 12V pixel LED string with 50 LEDs, 3 Inch spacing, 3.81 Metre length, 9 mm pixels and 12 Watts power for sign boards and decorative lighting.","https://signsandarts.in/pixel-led/warm-white-smd-3-9mm-12v-pixel-xpl-6613/","https://signsandarts.in/pixel-led/images/warm-white-smd-3-9mm-12v-pixel-xpl-6613.webp","https://signsandarts.in/pixel-led/images/feed/warm-white-smd-3-9mm-12v-pixel-xpl-6613-clean.webp","https://signsandarts.in/pixel-led/images/feed/warm-white-smd-3-9mm-12v-pixel-xpl-6613-detail.webp","","in_stock","235.00 INR","Signs and Arts","new","sa-warm-white-smd-3-9mm-12v-pixel-xpl-6613","Business & Industrial > Signage > Electric Signs > Lighted Signs","Pixel LEDs","","3 Inch"
"sa-yellow-3-inch-9mm-12v-pixel-3929","Yellow 3 Inch 9mm 12V Pixel 3929 LED","Buy Yellow 3 Inch 9mm 12V Pixel 12V pixel LED string with 50 LEDs, 3 Inch spacing, 3.81 Metre length, 9 mm pixels and 12 Watts power for sign boards and decorative lighting.","https://signsandarts.in/pixel-led/yellow-3-inch-9mm-12v-pixel-3929/","https://signsandarts.in/pixel-led/images/yellow-3-inch-9mm-12v-pixel-3929.webp","https://signsandarts.in/pixel-led/images/feed/yellow-3-inch-9mm-12v-pixel-3929-clean.webp","https://signsandarts.in/pixel-led/images/feed/yellow-3-inch-9mm-12v-pixel-3929-detail.webp","","in_stock","165.00 INR","Signs and Arts","new","sa-yellow-3-inch-9mm-12v-pixel-3929","Business & Industrial > Signage > Electric Signs > Lighted Signs","Pixel LEDs","","3 Inch"
"sa-smd-pixel-5-inch-xpl-6725","SMD Pixel 5 Inch XPL 6725 LED","Buy SMD Pixel 5 Inch XPL 12V pixel LED string with 50 LEDs, 5 Inch spacing, 6.35 Metre length, 9 mm pixels and 12 Watts power for sign boards and decorative lighting.","https://signsandarts.in/pixel-led/smd-pixel-5-inch-xpl-6725/","https://signsandarts.in/pixel-led/images/smd-pixel-5-inch-xpl-6725.webp","https://signsandarts.in/pixel-led/images/feed/smd-pixel-5-inch-xpl-6725-clean.webp","https://signsandarts.in/pixel-led/images/feed/smd-pixel-5-inch-xpl-6725-detail.webp","","in_stock","245.00 INR","Signs and Arts","new","sa-smd-pixel-5-inch-xpl-6725","Business & Industrial > Signage > Electric Signs > Lighted Signs","Pixel LEDs","","5 Inch"
"sa-blue-5-inch-9mm-12v-pixel-3949","Blue 5 Inch 9mm 12V Pixel 3949 LED","Buy Blue 5 Inch 9mm 12V Pixel 12V pixel LED string with 50 LEDs, 5 Inch spacing, 6.35 Metre length, 9 mm pixels and 12 Watts power for sign boards and decorative lighting.","https://signsandarts.in/pixel-led/blue-5-inch-9mm-12v-pixel-3949/","https://signsandarts.in/pixel-led/images/blue-5-inch-9mm-12v-pixel-3949.webp","https://signsandarts.in/pixel-led/images/feed/blue-5-inch-9mm-12v-pixel-3949-clean.webp","https://signsandarts.in/pixel-led/images/feed/blue-5-inch-9mm-12v-pixel-3949-detail.webp","","in_stock","185.00 INR","Signs and Arts","new","sa-blue-5-inch-9mm-12v-pixel-3949","Business & Industrial > Signage > Electric Signs > Lighted Signs","Pixel LEDs","","5 Inch"
"sa-blue-5-10mm-12v-pixel-xpl-6709","Blue 5 10mm 12V Pixel XPL 6709 LED","Buy Blue 5"" 10mm 12V Pixel - XPL 12V pixel LED string with 50 LEDs, 5 Inch spacing, 6.35 Metre length, 10 mm pixels and 12 Watts power for sign boards and decorative lighting.","https://signsandarts.in/pixel-led/blue-5-10mm-12v-pixel-xpl-6709/","https://signsandarts.in/pixel-led/images/blue-5-10mm-12v-pixel-xpl-6709.webp","https://signsandarts.in/pixel-led/images/feed/blue-5-10mm-12v-pixel-xpl-6709-clean.webp","https://signsandarts.in/pixel-led/images/feed/blue-5-10mm-12v-pixel-xpl-6709-detail.webp","","in_stock","245.00 INR","Signs and Arts","new","sa-blue-5-10mm-12v-pixel-xpl-6709","Business & Industrial > Signage > Electric Signs > Lighted Signs","Pixel LEDs","","5 Inch"
"sa-green-5-inch-9mm-12v-pixel-3947","Green 5 Inch 9mm 12V Pixel 3947 LED","Buy Green 5 Inch 9mm 12V Pixel 12V pixel LED string with 50 LEDs, 5 Inch spacing, 6.35 Metre length, 9 mm pixels and 12 Watts power for sign boards and decorative lighting.","https://signsandarts.in/pixel-led/green-5-inch-9mm-12v-pixel-3947/","https://signsandarts.in/pixel-led/images/green-5-inch-9mm-12v-pixel-3947.webp","https://signsandarts.in/pixel-led/images/feed/green-5-inch-9mm-12v-pixel-3947-clean.webp","https://signsandarts.in/pixel-led/images/feed/green-5-inch-9mm-12v-pixel-3947-detail.webp","","in_stock","185.00 INR","Signs and Arts","new","sa-green-5-inch-9mm-12v-pixel-3947","Business & Industrial > Signage > Electric Signs > Lighted Signs","Pixel LEDs","","5 Inch"
"sa-green-5-10mm-12v-pixel-xpl-6701","Green 5 10mm 12V Pixel XPL 6701 LED","Buy Green 5"" 10mm 12V Pixel - XPL 12V pixel LED string with 50 LEDs, 5 Inch spacing, 6.35 Metre length, 10 mm pixels and 12 Watts power for sign boards and decorative lighting.","https://signsandarts.in/pixel-led/green-5-10mm-12v-pixel-xpl-6701/","https://signsandarts.in/pixel-led/images/green-5-10mm-12v-pixel-xpl-6701.webp","https://signsandarts.in/pixel-led/images/feed/green-5-10mm-12v-pixel-xpl-6701-clean.webp","https://signsandarts.in/pixel-led/images/feed/green-5-10mm-12v-pixel-xpl-6701-detail.webp","","in_stock","245.00 INR","Signs and Arts","new","sa-green-5-10mm-12v-pixel-xpl-6701","Business & Industrial > Signage > Electric Signs > Lighted Signs","Pixel LEDs","","5 Inch"
"sa-pink-5-10mm-12v-pixel-xpl-6713","Pink 5 10mm 12V Pixel XPL 6713 LED","Buy Pink 5"" 10mm 12V Pixel - XPL 12V pixel LED string with 50 LEDs, 5 Inch spacing, 6.35 Metre length, 10 mm pixels and 12 Watts power for sign boards and decorative lighting.","https://signsandarts.in/pixel-led/pink-5-10mm-12v-pixel-xpl-6713/","https://signsandarts.in/pixel-led/images/pink-5-10mm-12v-pixel-xpl-6713.webp","https://signsandarts.in/pixel-led/images/feed/pink-5-10mm-12v-pixel-xpl-6713-clean.webp","https://signsandarts.in/pixel-led/images/feed/pink-5-10mm-12v-pixel-xpl-6713-detail.webp","","in_stock","245.00 INR","Signs and Arts","new","sa-pink-5-10mm-12v-pixel-xpl-6713","Business & Industrial > Signage > Electric Signs > Lighted Signs","Pixel LEDs","","5 Inch"
"sa-pink-white-5-inch-9mm-12v-pixel-3958","Pink White 5 Inch 9mm 12V Pixel 3958 LED","Buy Pink White 5 Inch 9mm 12V Pixel 12V pixel LED string with 50 LEDs, 5 Inch spacing, 6.35 Metre length, 9 mm pixels and 12 Watts power for sign boards and decorative lighting.","https://signsandarts.in/pixel-led/pink-white-5-inch-9mm-12v-pixel-3958/","https://signsandarts.in/pixel-led/images/pink-white-5-inch-9mm-12v-pixel-3958.webp","https://signsandarts.in/pixel-led/images/feed/pink-white-5-inch-9mm-12v-pixel-3958-clean.webp","https://signsandarts.in/pixel-led/images/feed/pink-white-5-inch-9mm-12v-pixel-3958-detail.webp","","in_stock","185.00 INR","Signs and Arts","new","sa-pink-white-5-inch-9mm-12v-pixel-3958","Business & Industrial > Signage > Electric Signs > Lighted Signs","Pixel LEDs","","5 Inch"
"sa-red-5-inch-9mm-12v-pixel-3931","Red 5 Inch 9mm 12V Pixel 3931 LED","Buy Red 5 Inch 9mm 12V Pixel 12V pixel LED string with 50 LEDs, 5 Inch spacing, 6.35 Metre length, 9 mm pixels and 12 Watts power for sign boards and decorative lighting.","https://signsandarts.in/pixel-led/red-5-inch-9mm-12v-pixel-3931/","https://signsandarts.in/pixel-led/images/red-5-inch-9mm-12v-pixel-3931.webp","https://signsandarts.in/pixel-led/images/feed/red-5-inch-9mm-12v-pixel-3931-clean.webp","https://signsandarts.in/pixel-led/images/feed/red-5-inch-9mm-12v-pixel-3931-detail.webp","","in_stock","185.00 INR","Signs and Arts","new","sa-red-5-inch-9mm-12v-pixel-3931","Business & Industrial > Signage > Electric Signs > Lighted Signs","Pixel LEDs","","5 Inch"
"sa-red-5-10mm-12v-pixel-xpl-6687","Red 5 10mm 12V Pixel XPL 6687 LED","Buy Red 5"" 10mm 12V Pixel - XPL 12V pixel LED string with 50 LEDs, 5 Inch spacing, 6.35 Metre length, 10 mm pixels and 12 Watts power for sign boards and decorative lighting.","https://signsandarts.in/pixel-led/red-5-10mm-12v-pixel-xpl-6687/","https://signsandarts.in/pixel-led/images/red-5-10mm-12v-pixel-xpl-6687.webp","https://signsandarts.in/pixel-led/images/feed/red-5-10mm-12v-pixel-xpl-6687-clean.webp","https://signsandarts.in/pixel-led/images/feed/red-5-10mm-12v-pixel-xpl-6687-detail.webp","","in_stock","245.00 INR","Signs and Arts","new","sa-red-5-10mm-12v-pixel-xpl-6687","Business & Industrial > Signage > Electric Signs > Lighted Signs","Pixel LEDs","","5 Inch"
"sa-warm-white-5-10mm-12v-pixel-xpl-6618","Warm White 5 10mm 12V Pixel XPL 6618 LED","Buy Warm White 5"" 10mm 12V Pixel - XPL 12V pixel LED string with 50 LEDs, 5 Inch spacing, 6.35 Metre length, 10 mm pixels and 12 Watts power for sign boards and decorative lighting.","https://signsandarts.in/pixel-led/warm-white-5-10mm-12v-pixel-xpl-6618/","https://signsandarts.in/pixel-led/images/warm-white-5-10mm-12v-pixel-xpl-6618.webp","https://signsandarts.in/pixel-led/images/feed/warm-white-5-10mm-12v-pixel-xpl-6618-clean.webp","https://signsandarts.in/pixel-led/images/feed/warm-white-5-10mm-12v-pixel-xpl-6618-detail.webp","","in_stock","245.00 INR","Signs and Arts","new","sa-warm-white-5-10mm-12v-pixel-xpl-6618","Business & Industrial > Signage > Electric Signs > Lighted Signs","Pixel LEDs","","5 Inch"
"sa-warm-white-5-10mm-12v-smd-pixel-impex-3954","Warm White 5 10mm 12V SMD Pixel IMPEX+ 3954 LED","Buy Warm White 5"" 10mm 12V SMD Pixel - IMPEX+ 12V pixel LED string with 50 LEDs, 5 Inch spacing, 6.35 Metre length, 10 mm pixels and 12 Watts power for sign boards and decorative lighting.","https://signsandarts.in/pixel-led/warm-white-5-10mm-12v-smd-pixel-impex-3954/","https://signsandarts.in/pixel-led/images/warm-white-5-10mm-12v-smd-pixel-impex-3954.webp","https://signsandarts.in/pixel-led/images/feed/warm-white-5-10mm-12v-smd-pixel-impex-3954-clean.webp","https://signsandarts.in/pixel-led/images/feed/warm-white-5-10mm-12v-smd-pixel-impex-3954-detail.webp","","in_stock","185.00 INR","Signs and Arts","new","sa-warm-white-5-10mm-12v-smd-pixel-impex-3954","Business & Industrial > Signage > Electric Signs > Lighted Signs","Pixel LEDs","","5 Inch"
"sa-white-5-inch-9mm-12v-pixel-3951","White 5 Inch 9mm 12V Pixel 3951 LED","Buy White 5 Inch 9mm 12V Pixel 12V pixel LED string with 50 LEDs, 5 Inch spacing, 6.35 Metre length, 9 mm pixels and 12 Watts power for sign boards and decorative lighting.","https://signsandarts.in/pixel-led/white-5-inch-9mm-12v-pixel-3951/","https://signsandarts.in/pixel-led/images/white-5-inch-9mm-12v-pixel-3951.webp","https://signsandarts.in/pixel-led/images/feed/white-5-inch-9mm-12v-pixel-3951-clean.webp","https://signsandarts.in/pixel-led/images/feed/white-5-inch-9mm-12v-pixel-3951-detail.webp","","in_stock","185.00 INR","Signs and Arts","new","sa-white-5-inch-9mm-12v-pixel-3951","Business & Industrial > Signage > Electric Signs > Lighted Signs","Pixel LEDs","","5 Inch"
"sa-white-5-10mm-12v-pixel-xpl-6692","White 5 10mm 12V Pixel XPL 6692 LED","Buy White 5"" 10mm 12V Pixel - XPL 12V pixel LED string with 50 LEDs, 5 Inch spacing, 6.35 Metre length, 10 mm pixels and 12 Watts power for sign boards and decorative lighting.","https://signsandarts.in/pixel-led/white-5-10mm-12v-pixel-xpl-6692/","https://signsandarts.in/pixel-led/images/white-5-10mm-12v-pixel-xpl-6692.webp","https://signsandarts.in/pixel-led/images/feed/white-5-10mm-12v-pixel-xpl-6692-clean.webp","https://signsandarts.in/pixel-led/images/feed/white-5-10mm-12v-pixel-xpl-6692-detail.webp","","in_stock","245.00 INR","Signs and Arts","new","sa-white-5-10mm-12v-pixel-xpl-6692","Business & Industrial > Signage > Electric Signs > Lighted Signs","Pixel LEDs","","5 Inch"
"sa-yellow-5-inch-9mm-12v-pixel-3956","Yellow 5 Inch 9mm 12V Pixel 3956 LED","Buy Yellow 5 Inch 9mm 12V Pixel 12V pixel LED string with 50 LEDs, 5 Inch spacing, 6.35 Metre length, 9 mm pixels and 12 Watts power for sign boards and decorative lighting.","https://signsandarts.in/pixel-led/yellow-5-inch-9mm-12v-pixel-3956/","https://signsandarts.in/pixel-led/images/yellow-5-inch-9mm-12v-pixel-3956.webp","https://signsandarts.in/pixel-led/images/feed/yellow-5-inch-9mm-12v-pixel-3956-clean.webp","https://signsandarts.in/pixel-led/images/feed/yellow-5-inch-9mm-12v-pixel-3956-detail.webp","","in_stock","185.00 INR","Signs and Arts","new","sa-yellow-5-inch-9mm-12v-pixel-3956","Business & Industrial > Signage > Electric Signs > Lighted Signs","Pixel LEDs","","5 Inch"
"sa-yellow-5-10mm-12v-pixel-xpl-6705","Yellow 5 10mm 12V Pixel XPL 6705 LED","Buy Yellow 5"" 10mm 12V Pixel - XPL 12V pixel LED string with 50 LEDs, 5 Inch spacing, 6.35 Metre length, 10 mm pixels and 12 Watts power for sign boards and decorative lighting.","https://signsandarts.in/pixel-led/yellow-5-10mm-12v-pixel-xpl-6705/","https://signsandarts.in/pixel-led/images/yellow-5-10mm-12v-pixel-xpl-6705.webp","https://signsandarts.in/pixel-led/images/feed/yellow-5-10mm-12v-pixel-xpl-6705-clean.webp","https://signsandarts.in/pixel-led/images/feed/yellow-5-10mm-12v-pixel-xpl-6705-detail.webp","","in_stock","245.00 INR","Signs and Arts","new","sa-yellow-5-10mm-12v-pixel-xpl-6705","Business & Industrial > Signage > Electric Signs > Lighted Signs","Pixel LEDs","","5 Inch"
"sa-warm-7-inch-9mm-12v-smd-pixel-xpl-3899","Warm 7 Inch 9mm 12V SMD Pixel XPL 3899 LED","Buy Warm 7 Inch 9mm 12V SMD Pixel - XPL 12V pixel LED string with 50 LEDs, 7 Inch spacing, 9 Metre length, 9 mm pixels and 10 Watts power for sign boards and decorative lighting.","https://signsandarts.in/pixel-led/warm-7-inch-9mm-12v-smd-pixel-xpl-3899/","https://signsandarts.in/pixel-led/images/warm-7-inch-9mm-12v-smd-pixel-xpl-3899.webp","https://signsandarts.in/pixel-led/images/feed/warm-7-inch-9mm-12v-smd-pixel-xpl-3899-clean.webp","https://signsandarts.in/pixel-led/images/feed/warm-7-inch-9mm-12v-smd-pixel-xpl-3899-detail.webp","","in_stock","255.00 INR","Signs and Arts","new","sa-warm-7-inch-9mm-12v-smd-pixel-xpl-3899","Business & Industrial > Signage > Electric Signs > Lighted Signs","Pixel LEDs","","7 Inch"
"sa-blue-7-inch-9mm-12v-pixel-3886","Blue 7 Inch 9mm 12V Pixel 3886 LED","Buy Blue 7 Inch 9mm 12V Pixel 12V pixel LED string with 50 LEDs, 7 Inch spacing, 9 Metre length, 9 mm pixels and 10 Watts power for sign boards and decorative lighting.","https://signsandarts.in/pixel-led/blue-7-inch-9mm-12v-pixel-3886/","https://signsandarts.in/pixel-led/images/blue-7-inch-9mm-12v-pixel-3886.webp","https://signsandarts.in/pixel-led/images/feed/blue-7-inch-9mm-12v-pixel-3886-clean.webp","https://signsandarts.in/pixel-led/images/feed/blue-7-inch-9mm-12v-pixel-3886-detail.webp","","in_stock","205.00 INR","Signs and Arts","new","sa-blue-7-inch-9mm-12v-pixel-3886","Business & Industrial > Signage > Electric Signs > Lighted Signs","Pixel LEDs","","7 Inch"
"sa-green-7-inch-9mm-12v-pixel-3882","Green 7 Inch 9mm 12V Pixel 3882 LED","Buy Green 7 Inch 9mm 12V Pixel 12V pixel LED string with 50 LEDs, 7 Inch spacing, 9 Metre length, 9 mm pixels and 10 Watts power for sign boards and decorative lighting.","https://signsandarts.in/pixel-led/green-7-inch-9mm-12v-pixel-3882/","https://signsandarts.in/pixel-led/images/green-7-inch-9mm-12v-pixel-3882.webp","https://signsandarts.in/pixel-led/images/feed/green-7-inch-9mm-12v-pixel-3882-clean.webp","https://signsandarts.in/pixel-led/images/feed/green-7-inch-9mm-12v-pixel-3882-detail.webp","","in_stock","205.00 INR","Signs and Arts","new","sa-green-7-inch-9mm-12v-pixel-3882","Business & Industrial > Signage > Electric Signs > Lighted Signs","Pixel LEDs","","7 Inch"
"sa-pink-7-inch-9mm-12v-pixel-3890","Pink 7 Inch 9mm 12V Pixel 3890 LED","Buy Pink 7 Inch 9mm 12V Pixel 12V pixel LED string with 50 LEDs, 7 Inch spacing, 9 Metre length, 9 mm pixels and 10 Watts power for sign boards and decorative lighting.","https://signsandarts.in/pixel-led/pink-7-inch-9mm-12v-pixel-3890/","https://signsandarts.in/pixel-led/images/pink-7-inch-9mm-12v-pixel-3890.webp","https://signsandarts.in/pixel-led/images/feed/pink-7-inch-9mm-12v-pixel-3890-clean.webp","https://signsandarts.in/pixel-led/images/feed/pink-7-inch-9mm-12v-pixel-3890-detail.webp","","in_stock","205.00 INR","Signs and Arts","new","sa-pink-7-inch-9mm-12v-pixel-3890","Business & Industrial > Signage > Electric Signs > Lighted Signs","Pixel LEDs","","7 Inch"
"sa-red-7-inch-9mm-12v-pixel-3871","Red 7 Inch 9mm 12V Pixel 3871 LED","Buy Red 7 Inch 9mm 12V Pixel 12V pixel LED string with 50 LEDs, 7 Inch spacing, 9 Metre length, 9 mm pixels and 10 Watts power for sign boards and decorative lighting.","https://signsandarts.in/pixel-led/red-7-inch-9mm-12v-pixel-3871/","https://signsandarts.in/pixel-led/images/red-7-inch-9mm-12v-pixel-3871.webp","https://signsandarts.in/pixel-led/images/feed/red-7-inch-9mm-12v-pixel-3871-clean.webp","https://signsandarts.in/pixel-led/images/feed/red-7-inch-9mm-12v-pixel-3871-detail.webp","","in_stock","205.00 INR","Signs and Arts","new","sa-red-7-inch-9mm-12v-pixel-3871","Business & Industrial > Signage > Electric Signs > Lighted Signs","Pixel LEDs","","7 Inch"
"sa-white-7-inch-9mm-12v-pixel-3901","White 7 Inch 9mm 12V Pixel 3901 LED","Buy White 7 Inch 9mm 12V Pixel 12V pixel LED string with 50 LEDs, 7 Inch spacing, 9 Metre length, 9 mm pixels and 10 Watts power for sign boards and decorative lighting.","https://signsandarts.in/pixel-led/white-7-inch-9mm-12v-pixel-3901/","https://signsandarts.in/pixel-led/images/white-7-inch-9mm-12v-pixel-3901.webp","https://signsandarts.in/pixel-led/images/feed/white-7-inch-9mm-12v-pixel-3901-clean.webp","https://signsandarts.in/pixel-led/images/feed/white-7-inch-9mm-12v-pixel-3901-detail.webp","","in_stock","215.00 INR","Signs and Arts","new","sa-white-7-inch-9mm-12v-pixel-3901","Business & Industrial > Signage > Electric Signs > Lighted Signs","Pixel LEDs","","7 Inch"
"sa-yellow-7-inch-9mm-12v-pixel-3876","Yellow 7 Inch 9mm 12V Pixel 3876 LED","Buy Yellow 7 Inch 9mm 12V Pixel 12V pixel LED string with 50 LEDs, 7 Inch spacing, 9 Metre length, 9 mm pixels and 10 Watts power for sign boards and decorative lighting.","https://signsandarts.in/pixel-led/yellow-7-inch-9mm-12v-pixel-3876/","https://signsandarts.in/pixel-led/images/yellow-7-inch-9mm-12v-pixel-3876.webp","https://signsandarts.in/pixel-led/images/feed/yellow-7-inch-9mm-12v-pixel-3876-clean.webp","https://signsandarts.in/pixel-led/images/feed/yellow-7-inch-9mm-12v-pixel-3876-detail.webp","","in_stock","205.00 INR","Signs and Arts","new","sa-yellow-7-inch-9mm-12v-pixel-3876","Business & Industrial > Signage > Electric Signs > Lighted Signs","Pixel LEDs","","7 Inch"
